<TICKER>,<PER>,<DATE>,<TIME>,<OPEN>,<HIGH>,<LOW>,<CLOSE>,<VOL>
RI.IMOEX,D,20220103,000000,3825.3400000,3866.1500000,3823.5000000,3852.5000000,52188858337
RI.IMOEX,D,20220104,000000,3880.2300000,3892.3300000,3846.8100000,3873.4900000,62470770105
RI.IMOEX,D,20220105,000000,3857.9000000,3875.2500000,3805.0600000,3815.0500000,59813490744
RI.IMOEX,D,20220106,000000,3758.6800000,3784.1700000,3720.1700000,3753.2900000,83529316312
RI.IMOEX,D,20220107,000000,3772.0400000,3772.0400000,3772.0400000,3772.0400000,0
RI.IMOEX,D,20220110,000000,3798.4000000,3806.8400000,3726.7300000,3738.6800000,85366370320
RI.IMOEX,D,20220111,000000,3764.5600000,3800.9100000,3751.4500000,3785.2900000,81163837097
RI.IMOEX,D,20220112,000000,3797.3100000,3841.7200000,3783.9200000,3829.9500000,100891168696
RI.IMOEX,D,20220113,000000,3814.9800000,3818.9700000,3664.4800000,3674.7300000,179124995198
RI.IMOEX,D,20220114,000000,3703.9000000,3723.6200000,3512.0300000,3596.9800000,253765921392
RI.IMOEX,D,20220117,000000,3632.9900000,3651.3600000,3501.9400000,3560.3500000,156152667921
RI.IMOEX,D,20220118,000000,3527.4900000,3534.5600000,3297.1200000,3328.9400000,302175017099
RI.IMOEX,D,20220119,000000,3289.6300000,3500.2700000,3256.6000000,3436.8200000,256389519993
RI.IMOEX,D,20220120,000000,3518.4300000,3533.6100000,3403.7400000,3516.0200000,192383293980
RI.IMOEX,D,20220121,000000,3420.1900000,3503.8400000,3407.2700000,3439.2500000,180626912049
RI.IMOEX,D,20220124,000000,3426.4700000,3426.4700000,3158.4600000,3235.2800000,231352738451
RI.IMOEX,D,20220125,000000,3317.4000000,3330.9000000,3229.4500000,3258.7400000,156975329684
RI.IMOEX,D,20220126,000000,3341.3800000,3412.1500000,3276.0600000,3357.6600000,160725106226
RI.IMOEX,D,20220127,000000,3297.1400000,3525.9400000,3284.4900000,3455.9300000,236919794598
RI.IMOEX,D,20220128,000000,3508.7200000,3534.4000000,3446.0100000,3488.6000000,143638708776
RI.IMOEX,D,20220131,000000,3523.8300000,3566.0500000,3518.5500000,3530.3800000,116885914336
RI.IMOEX,D,20220201,000000,3564.5800000,3584.7100000,3531.3500000,3548.1700000,109745281366
RI.IMOEX,D,20220202,000000,3575.1600000,3580.2200000,3516.1700000,3543.8000000,110564098897
RI.IMOEX,D,20220203,000000,3499.1000000,3519.2300000,3446.6500000,3471.1800000,102456658186
RI.IMOEX,D,20220204,000000,3499.3900000,3556.3200000,3464.1400000,3471.0100000,124139447454
RI.IMOEX,D,20220207,000000,3511.2600000,3521.2600000,3437.9300000,3470.7800000,74595078961
RI.IMOEX,D,20220208,000000,3497.2200000,3551.6500000,3487.6400000,3551.6500000,121545571613
RI.IMOEX,D,20220209,000000,3593.1900000,3638.9300000,3580.4500000,3638.9300000,137422232442
RI.IMOEX,D,20220210,000000,3628.4200000,3655.7600000,3592.7500000,3655.7600000,136914588578
RI.IMOEX,D,20220211,000000,3579.4600000,3596.7400000,3514.1200000,3546.6200000,136585740183
RI.IMOEX,D,20220214,000000,3441.6300000,3524.8700000,3404.3500000,3481.3800000,188888697093
RI.IMOEX,D,20220215,000000,3531.8900000,3614.1500000,3514.9800000,3600.2900000,185473561573
RI.IMOEX,D,20220216,000000,3682.8000000,3683.9500000,3608.0100000,3646.4100000,141404902585
RI.IMOEX,D,20220217,000000,3588.6300000,3595.1200000,3498.2000000,3511.0800000,166762829664
RI.IMOEX,D,20220218,000000,3547.1200000,3565.5200000,3371.0500000,3393.3100000,176701147029
RI.IMOEX,D,20220221,000000,3459.0500000,3460.4200000,2910.4900000,3036.8800000,469786742509
RI.IMOEX,D,20220222,000000,2909.5500000,3113.4000000,2756.4600000,3084.7400000,430565310504
RI.IMOEX,D,20220224,000000,2736.6500000,2740.3100000,1681.5500000,2058.1200000,246452894355
RI.IMOEX,D,20220225,000000,2261.3300000,2552.4600000,2256.0900000,2470.4800000,189354389723
RI.IMOEX,D,20220324,000000,2467.0900000,2761.1700000,2447.6800000,2578.5100000,100236213695
RI.IMOEX,D,20220325,000000,2620.6200000,2664.7400000,2470.6900000,2484.1300000,49160573529
RI.IMOEX,D,20220328,000000,2479.4900000,2484.5700000,2407.2000000,2430.7000000,25968606454
RI.IMOEX,D,20220329,000000,2442.4300000,2538.2000000,2363.6200000,2408.4900000,59052532586
RI.IMOEX,D,20220330,000000,2437.9200000,2513.0300000,2437.9200000,2513.0300000,39736020310
RI.IMOEX,D,20220331,000000,2535.3200000,2703.5100000,2533.3900000,2703.5100000,80019531713
RI.IMOEX,D,20220401,000000,2714.6200000,2817.7200000,2714.6200000,2759.6400000,78022746579
RI.IMOEX,D,20220404,000000,2775.0600000,2835.4600000,2682.3400000,2787.6900000,67743148488
RI.IMOEX,D,20220405,000000,2796.5600000,2808.2700000,2576.3400000,2662.7900000,68524137600
RI.IMOEX,D,20220406,000000,2641.7900000,2696.9700000,2594.9500000,2611.4300000,45493852635
RI.IMOEX,D,20220407,000000,2618.2600000,2653.8500000,2618.2600000,2635.3900000,33658855005
RI.IMOEX,D,20220408,000000,2649.1600000,2656.7200000,2554.7200000,2592.7200000,30928945308
RI.IMOEX,D,20220411,000000,2596.1700000,2623.6400000,2557.1600000,2557.1600000,26741878262
RI.IMOEX,D,20220412,000000,2559.2200000,2570.7800000,2472.2800000,2540.9900000,33173933644
RI.IMOEX,D,20220413,000000,2546.6400000,2558.8600000,2517.4400000,2528.4200000,19008934214
RI.IMOEX,D,20220414,000000,2530.9000000,2533.7700000,2403.8600000,2404.7300000,24320762984
RI.IMOEX,D,20220415,000000,2403.1600000,2431.9100000,2353.1300000,2424.9900000,24630046854
RI.IMOEX,D,20220418,000000,2430.9100000,2447.5800000,2338.3600000,2342.6300000,23242744264
RI.IMOEX,D,20220419,000000,2342.5300000,2344.3700000,2216.6100000,2317.4600000,35591784045
RI.IMOEX,D,20220420,000000,2326.0300000,2374.8700000,2271.7200000,2330.7300000,34641424044
RI.IMOEX,D,20220421,000000,2334.9700000,2341.2100000,2260.6800000,2271.0500000,28363048531
RI.IMOEX,D,20220422,000000,2271.1800000,2290.0400000,2223.7300000,2232.2300000,32279289543
RI.IMOEX,D,20220425,000000,2236.3200000,2237.4500000,2168.1800000,2186.2200000,22536295979
RI.IMOEX,D,20220426,000000,2190.9700000,2347.9200000,2190.9700000,2318.4600000,42972302473
RI.IMOEX,D,20220427,000000,2326.2700000,2427.4700000,2305.4700000,2424.2800000,48920420632
RI.IMOEX,D,20220428,000000,2434.8600000,2505.9400000,2379.1200000,2383.6600000,60911768322
RI.IMOEX,D,20220429,000000,2390.8300000,2448.5200000,2390.8300000,2445.1700000,41347537348
RI.IMOEX,D,20220504,000000,2444.2500000,2464.6000000,2373.1600000,2373.1600000,25945393469
RI.IMOEX,D,20220505,000000,2379.0400000,2412.8100000,2379.0400000,2404.8000000,17334244202
RI.IMOEX,D,20220506,000000,2405.1700000,2406.7800000,2372.5200000,2393.0300000,18011440886
RI.IMOEX,D,20220511,000000,2391.9100000,2414.8700000,2367.4800000,2387.1400000,18700048965
RI.IMOEX,D,20220512,000000,2382.3300000,2386.1600000,2283.3100000,2297.8900000,22633035203
RI.IMOEX,D,20220513,000000,2309.9800000,2321.9100000,2283.1000000,2307.5000000,15593410119
RI.IMOEX,D,20220516,000000,2308.2000000,2379.3500000,2306.0600000,2364.6000000,25844359142
RI.IMOEX,D,20220517,000000,2378.0800000,2425.1700000,2371.9300000,2424.1000000,35124409124
RI.IMOEX,D,20220518,000000,2438.0000000,2490.1700000,2438.0000000,2445.3000000,42166639089
RI.IMOEX,D,20220519,000000,2454.3600000,2454.8300000,2414.6300000,2436.5700000,23077312013
RI.IMOEX,D,20220520,000000,2441.5600000,2451.0200000,2365.8100000,2373.2600000,26111391523
RI.IMOEX,D,20220523,000000,2379.6600000,2389.4200000,2300.7700000,2301.8500000,25964287218
RI.IMOEX,D,20220524,000000,2300.1100000,2317.9200000,2229.2200000,2293.6200000,34468480441
RI.IMOEX,D,20220525,000000,2300.1500000,2340.1800000,2291.1300000,2340.1800000,28547075814
RI.IMOEX,D,20220526,000000,2348.4400000,2415.0300000,2327.2900000,2413.0600000,64389748219
RI.IMOEX,D,20220527,000000,2424.7000000,2439.8900000,2399.9200000,2407.5900000,34599658361
RI.IMOEX,D,20220530,000000,2418.2100000,2433.0400000,2376.4400000,2400.3900000,27062976274
RI.IMOEX,D,20220531,000000,2400.7500000,2400.7500000,2351.7400000,2355.7500000,20585317535
RI.IMOEX,D,20220601,000000,2349.8400000,2385.6400000,2338.9000000,2374.6000000,23132240688
RI.IMOEX,D,20220602,000000,2374.6700000,2382.2300000,2337.5300000,2340.1700000,25917699606
RI.IMOEX,D,20220603,000000,2341.5500000,2348.0300000,2286.8200000,2308.0300000,36609465662
RI.IMOEX,D,20220606,000000,2308.3500000,2321.7500000,2277.2100000,2282.1600000,23457674854
RI.IMOEX,D,20220607,000000,2281.3000000,2294.4000000,2239.7200000,2291.6200000,24661898168
RI.IMOEX,D,20220608,000000,2296.6200000,2342.6900000,2296.6200000,2318.8500000,33918535746
RI.IMOEX,D,20220609,000000,2321.5700000,2323.3900000,2275.2200000,2293.9900000,24738214547
RI.IMOEX,D,20220610,000000,2282.8100000,2296.1000000,2273.9500000,2285.5200000,22114939138
RI.IMOEX,D,20220614,000000,2280.0200000,2308.4300000,2261.2600000,2289.7500000,30520876753
RI.IMOEX,D,20220615,000000,2290.7600000,2320.4000000,2282.7900000,2318.9600000,31590916060
RI.IMOEX,D,20220616,000000,2321.5200000,2374.2400000,2317.8700000,2369.7500000,35162308789
RI.IMOEX,D,20220617,000000,2373.0700000,2382.4900000,2345.4000000,2353.9800000,21819676212
RI.IMOEX,D,20220620,000000,2358.2600000,2404.4000000,2357.3300000,2404.4000000,33489261044
RI.IMOEX,D,20220621,000000,2407.6300000,2415.5900000,2357.2700000,2358.8100000,47502135753
RI.IMOEX,D,20220622,000000,2348.0400000,2373.5200000,2320.8700000,2373.5200000,43213808421
RI.IMOEX,D,20220623,000000,2375.6000000,2404.5400000,2350.1000000,2404.5400000,48693127279
RI.IMOEX,D,20220624,000000,2405.3100000,2414.0200000,2372.0500000,2391.5100000,32410420917
RI.IMOEX,D,20220627,000000,2387.5500000,2417.0600000,2384.3200000,2417.0600000,32214522864
RI.IMOEX,D,20220628,000000,2419.1500000,2419.8100000,2392.2600000,2408.7500000,43613786664
RI.IMOEX,D,20220629,000000,2407.4900000,2407.4900000,2370.4100000,2378.5500000,39651490407
RI.IMOEX,D,20220630,000000,2380.0300000,2407.2000000,2184.7100000,2204.8500000,112737946665
RI.IMOEX,D,20220701,000000,2197.9000000,2237.9200000,2165.1300000,2206.6100000,48444229898
RI.IMOEX,D,20220704,000000,2208.7000000,2240.8300000,2197.3900000,2204.6600000,38928461582
RI.IMOEX,D,20220705,000000,2214.3900000,2238.7300000,2187.5700000,2226.6400000,46855754072
RI.IMOEX,D,20220706,000000,2227.0200000,2273.2400000,2214.0400000,2221.8800000,41979520216
RI.IMOEX,D,20220707,000000,2221.0200000,2239.5900000,2206.1600000,2226.6500000,29747045300
RI.IMOEX,D,20220708,000000,2225.0200000,2234.5500000,2202.5200000,2222.5100000,22286692702
RI.IMOEX,D,20220711,000000,2213.5500000,2224.3500000,2156.3600000,2162.3400000,30443999359
RI.IMOEX,D,20220712,000000,2160.7400000,2160.7400000,2105.2600000,2133.7700000,33505813693
RI.IMOEX,D,20220713,000000,2138.1400000,2142.5100000,2064.5800000,2073.6800000,29012798649
RI.IMOEX,D,20220714,000000,2073.7900000,2105.6100000,2049.4400000,2063.3000000,25928075099
RI.IMOEX,D,20220715,000000,2069.0200000,2109.5200000,2056.8200000,2109.5200000,24157763961
RI.IMOEX,D,20220718,000000,2119.0200000,2127.9600000,2083.0100000,2096.4200000,21351322141
RI.IMOEX,D,20220719,000000,2089.2800000,2089.2800000,2047.3300000,2071.2800000,23001959950
RI.IMOEX,D,20220720,000000,2076.2400000,2098.9200000,2067.3700000,2075.2400000,25180650490
RI.IMOEX,D,20220721,000000,2075.9900000,2075.9900000,2022.1600000,2053.6400000,27161050496
RI.IMOEX,D,20220722,000000,2056.1600000,2099.6800000,2053.2000000,2096.7500000,24289143740
RI.IMOEX,D,20220725,000000,2099.8100000,2132.7500000,2090.2200000,2128.9600000,28329095286
RI.IMOEX,D,20220726,000000,2135.8900000,2192.4200000,2135.8900000,2192.4200000,35273017393
RI.IMOEX,D,20220727,000000,2198.9600000,2220.8200000,2184.7100000,2196.2200000,35509514711
RI.IMOEX,D,20220728,000000,2204.0100000,2213.2100000,2169.2100000,2189.1600000,27592176896
RI.IMOEX,D,20220729,000000,2187.6700000,2213.8100000,2181.0700000,2213.8100000,25880041554
RI.IMOEX,D,20220801,000000,2213.7500000,2220.7300000,2178.9800000,2180.0900000,34560596533
RI.IMOEX,D,20220802,000000,2176.5700000,2178.8100000,2137.3000000,2137.3000000,27943183431
RI.IMOEX,D,20220803,000000,2138.7600000,2156.5400000,2123.9200000,2123.9200000,26464941939
RI.IMOEX,D,20220804,000000,2126.3900000,2137.8300000,2111.8700000,2116.5800000,22584168634
RI.IMOEX,D,20220805,000000,2120.1300000,2124.6000000,2052.0800000,2054.2900000,36914423132
RI.IMOEX,D,20220808,000000,2106.5000000,2119.4100000,2086.9800000,2088.4000000,27917568414
RI.IMOEX,D,20220809,000000,2090.3700000,2136.8000000,2071.7200000,2136.8000000,26430865725
RI.IMOEX,D,20220810,000000,2138.8100000,2158.8700000,2128.5900000,2151.5000000,27211788972
RI.IMOEX,D,20220811,000000,2157.1700000,2174.9000000,2128.3800000,2133.1100000,29532507499
RI.IMOEX,D,20220812,000000,2133.9300000,2150.9000000,2117.0800000,2147.3300000,21692844180
RI.IMOEX,D,20220815,000000,2147.7600000,2165.7500000,2139.4500000,2165.1200000,22652041721
RI.IMOEX,D,20220816,000000,2172.4000000,2208.3300000,2168.0600000,2208.3300000,27558426613
RI.IMOEX,D,20220817,000000,2213.4300000,2225.0500000,2186.8600000,2188.5600000,28022258196
RI.IMOEX,D,20220818,000000,2188.4200000,2197.9200000,2176.0200000,2194.3100000,19291595636
RI.IMOEX,D,20220819,000000,2199.6000000,2199.6000000,2179.5600000,2195.1600000,19366430497
RI.IMOEX,D,20220822,000000,2193.2900000,2231.2200000,2187.0400000,2228.1100000,25544070732
RI.IMOEX,D,20220823,000000,2230.7400000,2261.5900000,2230.7400000,2260.0800000,34088601334
RI.IMOEX,D,20220824,000000,2263.5700000,2273.6500000,2243.0800000,2248.2200000,25166474196
RI.IMOEX,D,20220825,000000,2249.3900000,2266.1800000,2234.8700000,2246.3400000,24464796373
RI.IMOEX,D,20220826,000000,2248.9800000,2268.8900000,2239.6600000,2268.8900000,18050718922
RI.IMOEX,D,20220829,000000,2267.4300000,2296.3300000,2263.9900000,2296.3300000,26847600721
RI.IMOEX,D,20220830,000000,2299.2800000,2314.5300000,2292.4400000,2306.6200000,50429416062
RI.IMOEX,D,20220831,000000,2377.0200000,2423.1200000,2368.4200000,2400.0800000,102098759608
RI.IMOEX,D,20220901,000000,2401.9800000,2448.5000000,2380.0100000,2445.7700000,56971990002
RI.IMOEX,D,20220902,000000,2443.7600000,2474.7100000,2431.5400000,2471.4500000,63549817077
RI.IMOEX,D,20220905,000000,2472.1000000,2488.4400000,2440.8800000,2488.4400000,45737756781
RI.IMOEX,D,20220906,000000,2487.7600000,2492.1500000,2382.2400000,2425.3300000,64401784109
RI.IMOEX,D,20220907,000000,2422.8800000,2436.6400000,2394.5600000,2401.5700000,39163915229
RI.IMOEX,D,20220908,000000,2397.5900000,2407.3900000,2378.3000000,2390.2700000,33761810920
RI.IMOEX,D,20220909,000000,2391.6900000,2426.8100000,2391.6900000,2426.0600000,30025709989
RI.IMOEX,D,20220912,000000,2419.7700000,2465.2200000,2413.5500000,2449.6500000,35655667047
RI.IMOEX,D,20220913,000000,2459.7500000,2465.5500000,2438.8000000,2446.8900000,28760541143
RI.IMOEX,D,20220914,000000,2439.9600000,2439.9600000,2400.1400000,2435.8900000,34368012331
RI.IMOEX,D,20220915,000000,2434.7900000,2457.0200000,2418.3000000,2446.5900000,35943168299
RI.IMOEX,D,20220916,000000,2446.0900000,2469.0200000,2427.6800000,2431.6100000,39143735401
RI.IMOEX,D,20220919,000000,2436.4800000,2453.0300000,2427.1900000,2430.5400000,25949236593
RI.IMOEX,D,20220920,000000,2430.5300000,2436.3000000,2171.9200000,2215.6700000,119818881585
RI.IMOEX,D,20220921,000000,2052.8900000,2186.4300000,2002.7300000,2130.7100000,79024712317
RI.IMOEX,D,20220922,000000,2138.3900000,2216.8500000,2138.3900000,2190.8700000,69446265297
RI.IMOEX,D,20220923,000000,2192.1100000,2192.6800000,2071.3700000,2089.8700000,56624432007
RI.IMOEX,D,20220926,000000,2054.5600000,2054.5600000,1841.4200000,1933.3500000,85508194318
RI.IMOEX,D,20220927,000000,1930.5800000,1975.3200000,1904.2400000,1953.4600000,52633751160
RI.IMOEX,D,20220928,000000,1978.8900000,2018.9900000,1948.2500000,1963.8600000,49239656511
RI.IMOEX,D,20220929,000000,1998.2400000,2005.8000000,1917.6200000,1953.7700000,42252034162
RI.IMOEX,D,20220930,000000,1977.7500000,2005.2100000,1872.9500000,1957.3100000,100091636553
RI.IMOEX,D,20221003,000000,1991.8800000,2047.5400000,1972.4300000,2041.9600000,44136515328
RI.IMOEX,D,20221004,000000,2071.1900000,2079.6700000,2016.5900000,2046.4200000,46330590613
RI.IMOEX,D,20221005,000000,2041.5000000,2045.6200000,1971.9100000,2029.8800000,53345561657
RI.IMOEX,D,20221006,000000,2027.3000000,2053.8600000,2015.0900000,2020.6300000,35069598563
RI.IMOEX,D,20221007,000000,2012.9500000,2012.9500000,1939.5400000,1944.7500000,41338721228
RI.IMOEX,D,20221010,000000,1783.6600000,1917.9100000,1775.0400000,1916.9700000,56213534138
RI.IMOEX,D,20221011,000000,1928.7400000,1952.8000000,1909.1100000,1949.4600000,31777026370
RI.IMOEX,D,20221012,000000,1965.3900000,1974.5900000,1937.9300000,1951.6500000,27516634806
RI.IMOEX,D,20221013,000000,1950.2400000,1975.8400000,1941.1800000,1955.2000000,25220933604
RI.IMOEX,D,20221014,000000,1963.3800000,1965.7700000,1933.2900000,1950.9800000,23776705906
RI.IMOEX,D,20221017,000000,1958.1800000,2013.6100000,1955.7000000,2012.8500000,32175039647
RI.IMOEX,D,20221018,000000,2031.5600000,2039.6700000,1999.3800000,2032.4000000,33713360158
RI.IMOEX,D,20221019,000000,1986.6700000,2006.0600000,1953.7400000,1978.4000000,35653339651
RI.IMOEX,D,20221020,000000,1998.7400000,2032.5800000,1991.0900000,2025.5100000,35860493555
RI.IMOEX,D,20221021,000000,2026.4400000,2049.0000000,2000.6800000,2043.7100000,35140098225
RI.IMOEX,D,20221024,000000,2070.3600000,2088.3100000,2048.3700000,2063.9500000,32782289123
RI.IMOEX,D,20221025,000000,2066.2800000,2130.6500000,2058.0900000,2130.6500000,42178068973
RI.IMOEX,D,20221026,000000,2131.1800000,2144.5600000,2093.1200000,2120.5800000,41997555651
RI.IMOEX,D,20221027,000000,2133.8100000,2164.6400000,2123.5700000,2164.6400000,40963107264
RI.IMOEX,D,20221028,000000,2154.2800000,2171.8800000,2130.7500000,2167.7000000,43316441662
RI.IMOEX,D,20221031,000000,2173.0000000,2184.3800000,2155.7500000,2166.6100000,31190431277
RI.IMOEX,D,20221101,000000,2179.1500000,2185.6000000,2161.1800000,2174.3500000,21666316859
RI.IMOEX,D,20221102,000000,2178.2500000,2184.8900000,2160.5600000,2173.8400000,21936421393
RI.IMOEX,D,20221103,000000,2145.5400000,2156.7800000,2123.3200000,2155.9200000,25595591910
RI.IMOEX,D,20221107,000000,2176.3300000,2208.7800000,2172.3400000,2208.7800000,41212321204
RI.IMOEX,D,20221108,000000,2213.3900000,2221.1300000,2188.2200000,2207.2000000,37652011258
RI.IMOEX,D,20221109,000000,2201.0600000,2205.9200000,2166.4200000,2166.5600000,32073155118
RI.IMOEX,D,20221110,000000,2167.9600000,2211.2100000,2161.5700000,2210.0200000,50591489443
RI.IMOEX,D,20221111,000000,2221.6800000,2224.9700000,2204.3300000,2217.4400000,34984845254
RI.IMOEX,D,20221114,000000,2230.8000000,2245.9000000,2221.3100000,2244.7700000,39390179041
RI.IMOEX,D,20221115,000000,2249.2200000,2254.9400000,2211.1900000,2223.2600000,36243329791
RI.IMOEX,D,20221116,000000,2199.1000000,2232.8300000,2191.9500000,2227.1900000,28916549557
RI.IMOEX,D,20221117,000000,2227.5400000,2235.7600000,2200.1100000,2212.9300000,24046100710
RI.IMOEX,D,20221118,000000,2208.3900000,2211.7000000,2189.9300000,2206.3200000,19073284451
RI.IMOEX,D,20221121,000000,2204.9000000,2204.9000000,2161.3500000,2166.3100000,27959505279
RI.IMOEX,D,20221122,000000,2179.7600000,2200.0600000,2169.6200000,2196.0400000,21497465367
RI.IMOEX,D,20221123,000000,2196.2400000,2217.4000000,2180.6400000,2211.8900000,32908616225
RI.IMOEX,D,20221124,000000,2214.1400000,2225.9200000,2206.1200000,2210.9500000,20333772780
RI.IMOEX,D,20221125,000000,2209.3100000,2211.1000000,2190.6700000,2195.1700000,18848119532
RI.IMOEX,D,20221128,000000,2180.3200000,2182.1600000,2163.4400000,2177.4500000,23721584754
RI.IMOEX,D,20221129,000000,2180.6500000,2191.4400000,2178.3400000,2185.3200000,20734029281
RI.IMOEX,D,20221130,000000,2184.2700000,2184.2700000,2172.6700000,2174.5300000,15527294087
RI.IMOEX,D,20221201,000000,2189.6500000,2193.4100000,2183.5700000,2187.2900000,20226870823
RI.IMOEX,D,20221202,000000,2189.1900000,2189.3500000,2173.4800000,2180.4400000,21963477262
RI.IMOEX,D,20221205,000000,2179.7900000,2210.7000000,2174.1700000,2208.2800000,36871201399
RI.IMOEX,D,20221206,000000,2204.5100000,2208.3600000,2184.6500000,2196.2400000,22129985761
RI.IMOEX,D,20221207,000000,2185.0100000,2193.7100000,2166.7700000,2192.8800000,27513498173
RI.IMOEX,D,20221208,000000,2196.1700000,2197.7700000,2174.5700000,2184.4300000,21944762833
RI.IMOEX,D,20221209,000000,2178.9300000,2183.9700000,2169.0400000,2177.8500000,16814054619
RI.IMOEX,D,20221212,000000,2178.3300000,2185.4900000,2163.3300000,2173.1600000,19554875413
RI.IMOEX,D,20221213,000000,2175.2900000,2177.9500000,2154.5200000,2174.3800000,25001005048
RI.IMOEX,D,20221214,000000,2171.1200000,2171.3100000,2154.6500000,2159.8100000,20961419339
RI.IMOEX,D,20221215,000000,2151.6900000,2151.6900000,2115.2100000,2126.8000000,30535772701
RI.IMOEX,D,20221216,000000,2118.4300000,2135.7900000,2116.0800000,2132.7500000,19694821150
RI.IMOEX,D,20221219,000000,2131.3300000,2139.0700000,2109.5600000,2129.9800000,30342922048
RI.IMOEX,D,20221220,000000,2071.1000000,2119.3700000,2070.5800000,2119.3700000,34165366683
RI.IMOEX,D,20221221,000000,2135.4100000,2139.4900000,2102.2400000,2116.1300000,29894863249
RI.IMOEX,D,20221222,000000,2124.3700000,2134.4800000,2114.9100000,2122.9100000,22389564336
RI.IMOEX,D,20221223,000000,2121.9900000,2128.2700000,2110.5900000,2124.0200000,18062507412
RI.IMOEX,D,20221226,000000,2126.4000000,2139.7800000,2126.4000000,2139.2100000,21125161479
RI.IMOEX,D,20221227,000000,2142.0800000,2154.3500000,2138.1100000,2150.9200000,21608840557
RI.IMOEX,D,20221228,000000,2150.1200000,2152.4700000,2136.6800000,2139.7700000,18664952400
RI.IMOEX,D,20221229,000000,2135.9100000,2149.9400000,2134.4800000,2147.0600000,15621397597
RI.IMOEX,D,20221230,000000,2149.8300000,2154.4700000,2139.7900000,2154.1200000,16839051205
RI.IMOEX,D,20230103,000000,2157.1800000,2174.2300000,2157.1800000,2172.6800000,12513772613
RI.IMOEX,D,20230104,000000,2171.5400000,2179.5600000,2162.0600000,2168.4200000,11572472226
RI.IMOEX,D,20230105,000000,2170.4000000,2171.9400000,2154.1600000,2156.6700000,9795860282
RI.IMOEX,D,20230106,000000,2157.3200000,2160.0800000,2153.3200000,2156.3900000,7629262703
RI.IMOEX,D,20230109,000000,2163.4300000,2169.7100000,2162.0100000,2163.5000000,18229374864
RI.IMOEX,D,20230110,000000,2162.7000000,2162.9200000,2145.1400000,2159.5100000,14437502211
RI.IMOEX,D,20230111,000000,2156.2800000,2190.4000000,2153.5500000,2186.9800000,35199068295
RI.IMOEX,D,20230112,000000,2193.5300000,2194.8000000,2177.3600000,2185.9300000,21247673022
RI.IMOEX,D,20230113,000000,2188.6000000,2204.1800000,2179.8200000,2199.9400000,27608131425
RI.IMOEX,D,20230116,000000,2204.6400000,2224.9000000,2204.4600000,2224.9000000,27004230302
RI.IMOEX,D,20230117,000000,2225.2600000,2226.4900000,2196.8400000,2196.8400000,31405275404
RI.IMOEX,D,20230118,000000,2188.9000000,2206.6600000,2177.6500000,2196.2600000,24354621288
RI.IMOEX,D,20230119,000000,2190.0200000,2193.9300000,2162.1100000,2168.8300000,25527858714
RI.IMOEX,D,20230120,000000,2167.6100000,2173.7100000,2154.3700000,2166.6900000,18771183436
RI.IMOEX,D,20230123,000000,2167.9200000,2186.8500000,2164.8900000,2185.3100000,20458882720
RI.IMOEX,D,20230124,000000,2191.6400000,2199.2900000,2172.7500000,2172.7500000,28998336156
RI.IMOEX,D,20230125,000000,2168.4800000,2176.6100000,2160.7600000,2170.1500000,22598835046
RI.IMOEX,D,20230126,000000,2181.9600000,2183.7700000,2166.9200000,2166.9200000,22688381374
RI.IMOEX,D,20230127,000000,2174.8500000,2189.3500000,2167.3300000,2189.3500000,22212005108
RI.IMOEX,D,20230130,000000,2193.9900000,2204.4100000,2189.1200000,2204.4100000,25330739987
RI.IMOEX,D,20230131,000000,2203.5700000,2225.6000000,2202.7600000,2225.6000000,33453607956
RI.IMOEX,D,20230201,000000,2232.0200000,2247.1200000,2224.9500000,2230.1500000,39301388253
RI.IMOEX,D,20230202,000000,2243.0400000,2249.5600000,2228.5600000,2243.5400000,32801716728
RI.IMOEX,D,20230203,000000,2239.1000000,2253.7000000,2216.6300000,2248.3000000,43309276904
RI.IMOEX,D,20230206,000000,2245.9300000,2276.5000000,2243.7700000,2272.3700000,41996751982
RI.IMOEX,D,20230207,000000,2281.6900000,2290.5100000,2262.3000000,2267.6900000,41020470817
RI.IMOEX,D,20230208,000000,2273.5900000,2283.4900000,2244.5200000,2251.9700000,36339368570
RI.IMOEX,D,20230209,000000,2258.9700000,2269.9600000,2241.0200000,2262.4500000,36676073920
RI.IMOEX,D,20230210,000000,2253.5100000,2264.3900000,2249.6200000,2261.5800000,20722191586
RI.IMOEX,D,20230213,000000,2262.6500000,2271.0000000,2261.3700000,2264.2700000,18330885936
RI.IMOEX,D,20230214,000000,2256.5900000,2256.9600000,2225.9400000,2232.2300000,31013851411
RI.IMOEX,D,20230215,000000,2216.6900000,2216.6900000,2164.7000000,2166.4600000,42696988341
RI.IMOEX,D,20230216,000000,2169.3900000,2186.6400000,2150.1700000,2153.9600000,33114594123
RI.IMOEX,D,20230217,000000,2157.5000000,2180.9600000,2147.3100000,2168.8800000,23600899785
RI.IMOEX,D,20230220,000000,2172.5300000,2186.3900000,2140.7800000,2183.5700000,31016215640
RI.IMOEX,D,20230221,000000,2184.6000000,2227.8200000,2184.5100000,2212.4200000,49446562564
RI.IMOEX,D,20230222,000000,2215.4300000,2215.5800000,2194.9900000,2212.4000000,20591028972
RI.IMOEX,D,20230224,000000,2209.1000000,2223.2300000,2202.2500000,2208.0300000,18884075081
RI.IMOEX,D,20230227,000000,2194.3900000,2241.1000000,2188.9500000,2241.1000000,36413144034
RI.IMOEX,D,20230228,000000,2246.2600000,2258.6800000,2239.5900000,2253.1600000,37037934005
RI.IMOEX,D,20230301,000000,2258.8900000,2287.4800000,2255.4500000,2279.6500000,39998084854
RI.IMOEX,D,20230302,000000,2284.8700000,2286.2700000,2235.4300000,2254.3000000,50700148754
RI.IMOEX,D,20230303,000000,2250.1200000,2273.5200000,2249.8100000,2272.2000000,26691515809
RI.IMOEX,D,20230306,000000,2286.2000000,2297.8600000,2283.4000000,2294.1200000,33805510005
RI.IMOEX,D,20230307,000000,2294.3200000,2298.9300000,2281.4600000,2295.6000000,24577188303
RI.IMOEX,D,20230309,000000,2295.0300000,2302.1000000,2278.9500000,2290.1400000,28737624061
RI.IMOEX,D,20230310,000000,2272.6100000,2283.1800000,2266.3300000,2276.2500000,28406887151
RI.IMOEX,D,20230313,000000,2279.1300000,2289.7000000,2250.1400000,2269.4700000,40548601017
RI.IMOEX,D,20230314,000000,2266.7800000,2290.3200000,2261.6500000,2290.3200000,37207686073
RI.IMOEX,D,20230315,000000,2287.1600000,2295.0600000,2257.0000000,2262.0700000,40744048851
RI.IMOEX,D,20230316,000000,2262.6100000,2269.0100000,2236.7700000,2258.2200000,35340044256
RI.IMOEX,D,20230317,000000,2284.7800000,2322.7800000,2275.4800000,2322.7800000,107891118681
